t_ms,true_user,trust_u1,trust_u1_smooth,trust_margin,action
0,s002,0.6384597588896466,0.6384597588896466,0.7312147664698077,ALLOW
150,s002,0.671334051712517,0.6548969053010818,0.7311135353438301,ALLOW
300,s002,0.638773451475798,0.6495224206926539,0.7311031746524012,ALLOW
450,s002,0.08594018412900489,0.5086268615517416,0.7311298636160974,STEP_UP
600,s002,0.011824777431470012,0.40926644472768736,0.7311176622742497,STEP_UP
750,s002,0.08587295575985153,0.3553675298997147,0.7310090528455826,STEP_UP
900,s002,0.5843758340327098,0.388083001918714,0.7312631559067504,STEP_UP
1050,s002,0.6402004660855296,0.41959768493956595,0.7310814710690834,STEP_UP
1200,s002,0.23480153819974367,0.3990647797462523,0.7310753652550281,STEP_UP
1350,s002,0.03170890949087045,0.3623291927207141,0.7311832559194766,STEP_UP
1500,s002,0.031637302273188235,0.30164694705906836,0.7310759921348846,LOCK
1650,s002,0.0006168596342149404,0.23457522785123813,0.7311777532775401,LOCK
1800,s002,0.64236180497543,0.2349340632012013,0.7312152857407449,LOCK
1950,s002,0.10021029769558769,0.23636107455785957,0.8808090704407402,LOCK
2100,s002,0.09942007266167359,0.24512060408087993,0.8808039300813343,LOCK
2250,s002,0.6517233653486276,0.30170564503975755,0.7310957649860351,LOCK
2400,s002,0.23332987518493667,0.2666010491549803,0.7312272505245399,LOCK
2550,s002,0.8942352864885545,0.29200453119528275,0.9526029357817193,LOCK
2700,s002,0.6344229306001893,0.33196667043532735,0.7311131561456767,LOCK
2850,s002,0.23261215634147314,0.3520569951203876,0.7310193871624271,STEP_UP
3000,s002,0.6344178611218099,0.41233505100524975,0.731197119576076,STEP_UP
3150,s002,0.031455805875520326,0.4154189456293803,0.7311390851466377,STEP_UP
3300,s002,0.012278513470899668,0.35241061647892724,0.7309294414156596,STEP_UP
3450,s002,0.08556538251651993,0.3509461249610205,0.7310070260525651,STEP_UP
3600,s002,0.6355849425722815,0.4045626119520812,0.7311575600884103,STEP_UP
3750,s002,0.6634676228304912,0.4057370377002676,0.7312999674779621,STEP_UP
3900,s002,0.6325942000677417,0.44566347018854807,0.7310270842004458,STEP_UP
4050,s002,0.08711847875377855,0.36495178941507056,0.7311106198108351,STEP_UP
4200,s002,0.6704942604970942,0.368558922404761,0.7310316122679552,STEP_UP
4350,s002,0.08789569426394613,0.3540872761970083,0.7310812267842531,STEP_UP
4500,s002,0.7048746156968182,0.36113295165450915,0.8808057397989278,STEP_UP
4650,s002,0.8035785983910863,0.4383452309060657,0.880881160530737,STEP_UP
4800,s002,0.6346054516244839,0.5005779247214242,0.7311221841932125,STEP_UP
4950,s002,7.857080532983589e-05,0.4920292435503052,0.7311013669572523,STEP_UP
5100,s002,0.6533328158522156,0.4938040308782985,0.7312141123711348,STEP_UP
5250,s002,0.16259640566324046,0.44371690916157347,0.7308579546965891,STEP_UP
5400,s002,0.6492216520807683,0.44537965436287613,0.7310358080787043,STEP_UP
5550,s002,0.03828317138770253,0.4404961236262686,0.8808622942522581,STEP_UP
5700,s002,0.08569438478681637,0.38201613605524076,0.7309058784628455,STEP_UP
5850,s002,0.6555616784465261,0.4387827344734988,0.7312400387069676,STEP_UP
6000,s002,0.03255118523674376,0.3715503914274913,0.73110432732552,STEP_UP
6150,s002,0.13793288388441158,0.30498581997682384,0.5000068536840749,LOCK
6300,s002,0.23252860377392837,0.2647781351917683,0.7311068363964127,LOCK
6450,s002,0.7430348988319724,0.33907376799443256,0.8807342178877572,LOCK
6600,s002,0.03147100913512533,0.2768875873227235,0.7309302157835784,LOCK
6750,s002,0.03181991676318128,0.2638099384327176,0.7310215276250652,LOCK
6900,s002,0.6391422490238723,0.26280199812702804,0.7310714449083661,LOCK
7050,s002,0.004361263863491038,0.25940980737460684,0.7313125266913066,LOCK
7200,s002,0.651547333612688,0.315995102257194,0.7312122739798649,LOCK
7350,s002,0.6351999812308875,0.3139589325356301,0.7311221483042608,LOCK
7500,s002,0.6377297803026551,0.3744767920422213,0.731085537743068,STEP_UP
7650,s002,0.6689038517042654,0.4275738888242067,0.7312924354145877,STEP_UP
7800,s002,0.040148300108942374,0.40833585845770803,0.880820261105437,STEP_UP
7950,s002,0.6344309231802546,0.39747546089253627,0.7310111524801398,STEP_UP
8100,s002,0.0335835955336346,0.3976867195323872,0.7311855569125687,STEP_UP
8250,s002,0.03162277420556861,0.39766700527662596,0.7311933691122747,STEP_UP
8400,s002,0.004331262800428311,0.3341859066542815,0.7310704534925256,LOCK
8550,s002,0.01159251301935468,0.3349090315698679,0.7309755760423177,LOCK
8700,s002,0.08561140549069973,0.27831543875766906,0.7310811965951963,LOCK
8850,s002,0.6320969807934045,0.2780051387139208,0.7309500054548494,LOCK
9000,s002,0.6908289392005228,0.2833150546037076,0.7310643384678852,LOCK
9150,s002,0.6985246261489255,0.28627713204817357,0.880772089537252,LOCK
9300,s002,0.6901066952481656,0.35127297156209586,0.731280509499238,STEP_UP
9450,s002,0.012144156512695695,0.28904429489534,0.7311054090797325,LOCK
9600,s002,0.6321890746476635,0.3489048428067429,0.7310249327323949,LOCK
9750,s002,0.012143183449365639,0.3469568837311226,0.7310775345227897,LOCK
9900,s002,0.00015628436383897715,0.3465393858874637,0.500701857132676,LOCK
10050,s002,0.0999609742335316,0.35537623200888135,0.8809065589285149,STEP_UP
10200,s002,0.6581762928848708,0.41263272074829843,0.7311624345045481,STEP_UP
10350,s002,0.6346459073400931,0.41288761340296726,0.7311325358739967,STEP_UP
10500,s002,0.2384171863236257,0.36764643811527764,0.7313077585446752,STEP_UP
10650,s002,0.640246164449259,0.36181859194531096,0.7310243705725511,STEP_UP
10800,s002,0.0015814044910807655,0.2929660628696025,0.731181452797675,LOCK
10950,s002,0.24579555478683246,0.31633120269701615,0.7311343413739628,LOCK
11100,s002,0.646301882111462,0.317742483443396,0.7313636038662561,LOCK
11250,s002,0.3765892616543563,0.3541870912638951,0.5000601217320904,STEP_UP
11400,s002,0.7440060652246856,0.42857206934997977,0.8808339989040168,STEP_UP
11550,s002,0.08554486509967583,0.42713045843659414,0.7311037909782712,STEP_UP
11700,s002,0.2331689287662721,0.3846297220247343,0.7311062631506314,STEP_UP
11850,s002,0.08586889837912536,0.3297520211286375,0.7310624076053447,LOCK
12000,s002,0.6502121710105725,0.3709315195973322,0.7313027773776887,STEP_UP
12150,s002,0.6343361909334677,0.3703405222457531,0.7310256573158848,STEP_UP
12300,s002,0.0043840734187046045,0.3706207891385155,0.7312491864012554,STEP_UP
12450,s002,0.0021117415218442942,0.3462524078120166,0.9526118072305354,LOCK
12600,s002,0.6323879963931259,0.344861019240183,0.73116260784193,LOCK
12750,s002,0.0005932225380460165,0.30726141532855195,0.7312051954532375,LOCK
12900,s002,0.23262265546753885,0.2561230743528373,0.7310668668684134,LOCK
13050,s002,0.004329497699313751,0.24800153761280108,0.7312278679827943,LOCK
13200,s002,0.08595052862285502,0.2332796975984594,0.7309797721117747,LOCK
13350,s002,0.635399693216635,0.28823277708221035,0.7310952224781172,LOCK
13500,s002,0.08641628884800484,0.23185318886595357,0.731034613782254,LOCK
13650,s002,0.6321619630933032,0.23163576608193717,0.7309172163375988,LOCK
13800,s002,0.7946818341414397,0.31066554215421066,0.8809509283526771,LOCK
13950,s002,0.0016202581218018512,0.3106163938142064,0.7310603658502394,LOCK
14100,s002,0.2409405546054728,0.2714716496354411,0.7310731757911602,LOCK
14250,s002,0.7253932145060753,0.34395164883224405,0.8808210939181833,LOCK
14400,s002,0.6391200083698716,0.3846013841224773,0.7310910173282502,STEP_UP
14550,s002,0.0006770608359484148,0.3842361404361408,0.8808451745691945,STEP_UP
14700,s002,0.042641254598751024,0.37990521303373037,0.9526298753907979,STEP_UP
14850,s002,0.08559819851391605,0.3249250635634585,0.7310646763182077,LOCK
15000,s002,0.656248109846051,0.3819082456632631,0.731215425971652,STEP_UP
15150,s002,0.6340392378071849,0.38209597313465127,0.7311160675268604,STEP_UP
15300,s002,0.0002429017681957936,0.30265207989732684,0.8807931609683141,LOCK
15450,s002,0.08560974167042201,0.3110510282521889,0.7310878617540755,LOCK
15600,s002,0.634738611004866,0.3504308338921282,0.731495844843852,STEP_UP
15750,s002,0.23321677442447034,0.3012131898839677,0.7310442184432778,LOCK
15900,s002,0.6859542771751141,0.305896616764492,0.7309852558909794,LOCK
16050,s002,0.09482620367299012,0.3153115310481961,0.880865704945245,LOCK
16200,s002,0.6323726581712429,0.3742846714054453,0.7312186871702163,STEP_UP
16350,s002,0.002008193224769761,0.3659256708765307,0.8809191259109843,STEP_UP
16500,s002,4.0086467480141595e-05,0.3003048685386736,0.5000984966651241,LOCK
16650,s002,0.08564174993507977,0.2454651197514631,0.7309977321648333,LOCK
16800,s002,0.08613315682220586,0.2540541452568641,0.731141018195406,LOCK
16950,s002,0.8524121063730736,0.3307343817271292,0.9526028622784386,LOCK
17100,s002,0.6327916289957595,0.3305396835262186,0.7311307963928183,LOCK
17250,s002,0.6460253708362926,0.3718205431674008,0.7312492204882168,STEP_UP
17400,s002,0.23442131463423863,0.3266672469133133,0.7309696911730916,LOCK
17550,s002,0.03624133624301233,0.3208087601703155,0.8807297150684074,LOCK
17700,s002,0.08729842765178868,0.2663013371183701,0.7311750894793694,LOCK
17850,s002,0.004648961387935299,0.2665654139346866,0.7312785000736178,LOCK
18000,s003,0.09431979380249715,0.27599338466818835,0.8807897223853884,LOCK
18150,s003,5.410239879165236e-07,0.26742926377707915,0.7310288561491031,LOCK
18300,s003,5.214817657135915e-07,0.2588160002430352,0.7309929486129825,LOCK
18450,s003,3.874499571412854e-06,0.17357517705568493,0.7313669519602066,LOCK
18600,s003,1.0810909422921495e-05,0.11029709524705127,0.7313763824672506,LOCK
18750,s003,1.6958823708680656e-06,0.045694727751659094,0.8807749823107425,LOCK
18900,s003,2.406244201049773e-07,0.02225262035067724,0.8808430648207035,LOCK
19050,s003,1.2746676340160095e-09,0.01862848685384277,0.7309745769794638,LOCK
19200,s003,1.0602694225994819e-05,0.009899704358086502,0.7311171984454692,LOCK
19350,s003,3.8804555496414334e-06,0.009435196264847937,0.7310215770890692,LOCK
19500,s003,4.751880699778764e-10,3.2169321170277755e-06,0.7309089386684906,LOCK
19650,s003,4.665819526818599e-06,3.6294116709179827e-06,0.8807887733915067,LOCK
19800,s003,9.549528576843462e-09,3.578218447204308e-06,0.7308133383796858,LOCK
19950,s003,1.4347944055712131e-06,3.334247930620144e-06,0.7312148694673328,LOCK
20100,s003,3.643894094551724e-08,2.256800882422546e-06,0.5001165795292954,LOCK
20250,s003,2.6016524215134925e-08,2.089814297757253e-06,0.7308802784553,LOCK
20400,s003,1.4583200124866611e-06,2.2115838569954217e-06,0.7312474923855737,LOCK
20550,s003,2.7007408869623817e-11,2.2114590909729067e-06,0.8815160361251988,LOCK
20700,s003,2.8392557883124493e-13,1.1511896967659829e-06,0.8812283050517016,LOCK
20850,s003,3.904355900243239e-06,1.1535797318261632e-06,0.7311493187882298,LOCK
21000,s003,0.00021168195794446767,2.232172800746593e-05,0.730928074525293,LOCK
21150,s003,2.3446917614235304e-10,2.1855169501701686e-05,0.9526846055459736,LOCK
21300,s003,4.169643155523469e-06,2.2271178864396348e-05,0.7310380316458269,LOCK
21450,s003,2.1747466024037775e-11,2.212770159858583e-05,0.7324018429445237,LOCK
21600,s003,0.002036741431100497,0.000225798200814541,0.8807702199556188,LOCK
21750,s003,6.488743556462438e-11,0.00022579560565086308,0.7319939147984448,LOCK
21900,s003,0.0005771829662330012,0.00028336807027291454,0.7310140255647477,LOCK
22050,s003,2.708910155025384e-08,0.00028337077648232865,0.7311046679466624,LOCK
22200,s003,4.306638101642371e-06,0.0002838014402641003,0.880947426104894,LOCK
22350,s003,4.671677787454065e-10,0.0002834110513908539,0.7310427440098661,LOCK
22500,s003,1.9433984450734785e-07,0.00026226228958085786,0.7309923172586246,LOCK
22650,s003,8.56337765146775e-08,0.0002622708295115917,0.8809027041687744,LOCK
22800,s003,0.03325271992243205,0.0035871258574392438,0.7310322219111266,LOCK
22950,s003,1.2475026420311124e-05,0.0035883733579065284,0.8808802489990992,LOCK
23100,s003,0.004264539497523317,0.0038111531645488106,0.7310596726716816,LOCK
23250,s003,5.249860191892587e-07,0.003811205656661986,0.731408842880423,LOCK
23400,s003,3.4667105605487386e-08,0.003753490826749246,0.8806519693193268,LOCK
23550,s003,1.0504190372522597e-07,0.0037534986220294636,0.9820262449765387,LOCK
23700,s003,1.0465351731516749e-08,0.0037530690047544724,0.7311805415195968,LOCK
23850,s003,1.1358242238508169e-08,0.003753070093861919,0.8810614927918099,LOCK
24000,s003,2.945791658396207e-05,0.003755996451535864,0.7308991010774878,LOCK
24150,s003,8.932286324522548e-14,0.003755987888167145,0.7317478208537611,LOCK
24300,s003,0.004426223131363342,0.0008733382090602745,0.7314019178240809,LOCK
24450,s003,2.3729412438993575e-06,0.0008723280005426333,0.5001035317784073,LOCK
24600,s003,4.0101104950243645e-06,0.0004462750618398041,0.7311047457244813,LOCK
24750,s003,3.7236772504891227e-09,0.00044622293560561026,0.73181812292855,LOCK
24900,s003,1.4216622091875497e-06,0.0004463616351159685,0.7312288602750964,LOCK
25050,s003,6.829409614251929e-10,0.00044635119921969206,0.9820953293081734,LOCK
25200,s003,1.1439304332119066e-08,0.00044635129661495216,0.8809958718331581,LOCK
25350,s003,0.0015710731637335572,0.000603457477164084,0.7313582492289603,LOCK
25500,s003,1.4251565794647827e-06,0.0006006542011636343,0.7309956891591481,LOCK
25650,s003,1.2933638146146818e-09,0.0006006543304910834,0.7313715359638431,LOCK
25800,s003,5.804195269587452e-07,0.00015809005930744505,0.8808126297901134,LOCK
25950,s003,3.4512201678629157e-09,0.00015785311030507192,0.7315645495980407,LOCK
26100,s003,3.871291588139563e-06,0.0001578392284143834,0.7309403324278355,LOCK
26250,s003,1.0542618882262034e-05,0.00015889311793488458,0.7313344633841729,LOCK
26400,s003,3.942394912794709e-06,0.0001591451912052453,0.7311089227446713,LOCK
26550,s003,7.059090717619432e-08,0.00015915218200186678,0.7311014159208082,LOCK
26700,s003,7.795739648368772e-05,0.00016694677771980233,0.7311421776984195,LOCK
26850,s003,0.2477555664859445,0.024785396109940898,0.7308353386958055,LOCK
27000,s003,1.0554223083903636e-05,0.02478630901659134,0.7310009567005319,LOCK
27150,s003,1.974738465648552e-11,0.024786308889229697,0.9527167057865024,LOCK
27300,s003,1.0580730643671933e-05,0.02478730892034137,0.7309742979520639,LOCK
27450,s003,3.875841557271174e-06,0.024787696159375077,0.7309338096749545,LOCK
27600,s003,2.5957709791447422e-08,0.024787311625987244,0.731262511178073,LOCK
27750,s003,1.4216672381853027e-06,0.024786399530822838,0.7309879687462421,LOCK
27900,s003,8.386631242956657e-05,0.024794391922574512,0.7309474203892738,LOCK
28050,s003,3.874003762444907e-06,0.02479477226386004,0.731437387688088,LOCK
28200,s003,0.00028482972682213726,0.024815459496893885,0.8808571697019507,LOCK
28350,s003,8.160844981358058e-05,4.8063693280793746e-05,0.7311676203615409,LOCK
28500,s003,0.00428112086698738,0.0004751203576711414,0.731001062449267,LOCK
28650,s003,3.878687321531694e-06,0.0004755082244285561,0.7308374251327249,LOCK
28800,s003,0.08560479171058769,0.009034929322422957,0.7310529946300579,LOCK
28950,s003,0.004328839277480094,0.009467425666015241,0.730970537021057,LOCK
29100,s003,2.8606921429658207e-05,0.009470283762387226,0.7309861558532226,LOCK
29250,s003,2.673022018197537e-08,0.009470144268685426,0.7311281044629622,LOCK
29400,s003,4.1025860286703e-06,0.009462167896045337,0.7310285453969556,LOCK
29550,s003,3.712404061383488e-08,0.009461784208073153,0.9525609888259907,LOCK
29700,s003,2.2091685184794315e-11,0.009433301237600108,0.7310315560589343,LOCK
29850,s003,0.0016143062790093272,0.009586571020519684,0.7311519342258431,LOCK
30000,s003,5.239767937560557e-12,0.009158458934344922,0.7308154976614237,LOCK
30150,s003,3.962036949113434e-06,0.00915846726930768,0.7310426778939033,LOCK
30300,s003,2.666632512519765e-08,0.0005979907648814237,0.7314797292236266,LOCK
30450,s003,2.578994861181423e-08,0.0001651094161282755,0.7310219860628304,LOCK
30600,s003,0.004258811526446739,0.0005881298766299836,0.7310072132794575,LOCK
30750,s003,0.00021342035132113345,0.0006094692387400787,0.7312360259244083,LOCK
30900,s003,1.9429149032501557e-07,0.0006090784092862442,0.7313646883157682,LOCK
31050,s003,0.001596027755713319,0.0007686774724535146,0.7313163077088566,LOCK
31200,s003,2.4106670040133407e-13,0.0007686774702684528,0.7319377289220672,LOCK
31350,s003,5.213126085977148e-11,0.0006072468475806462,0.7311123157178998,LOCK
31500,s003,2.592118432266274e-08,0.0006072494391751017,0.731017866289719,LOCK
31650,s003,1.681655934818148e-07,0.0006068700520395385,0.7312685605107084,LOCK
31800,s003,5.40134378528182e-07,0.0006069213988448788,0.7312196202113758,LOCK
31950,s003,8.002540373519288e-05,0.0006149213602235369,0.7308217056803543,LOCK
32100,s003,2.8632168791329647e-05,0.00019190342445799595,0.7313433406423189,LOCK
32250,s003,2.0485374738552974e-07,0.00017058187470062118,0.7310124181336761,LOCK
32400,s003,0.001626419623248836,0.0003332044078764722,0.7313755581533334,LOCK
32550,s003,0.24590947661430243,0.024764549293735384,0.7310840382627695,LOCK
32700,s003,0.00022711497145901194,0.02478726079085718,0.7310947574590011,LOCK
32850,s003,2.8734165573231012e-05,0.024790134202201376,0.7314027704712822,LOCK
33000,s003,1.9217578967345654e-07,0.02479015082766191,0.7312222434860767,LOCK
33150,s003,0.0994865853951143,0.03473879255061399,0.8808723362009034,LOCK
33300,s003,0.02602878689826269,0.03734161722700241,0.7310871138428955,LOCK
33450,s003,1.0109505596902983e-08,0.037333615697579446,0.7312414603667774,LOCK
33600,s003,3.4437790841871145e-09,0.03733075282507822,0.7309883666145678,LOCK
33750,s003,1.4261676380017634e-06,0.03733087495646729,0.7309805381170106,LOCK
33900,s003,1.9501076457130926e-07,0.03716825249521886,0.731313669248207,LOCK
34050,s003,1.0533021333301003e-05,0.012578358135921947,0.7313163473731367,LOCK
34200,s003,5.240406450239811e-07,0.012555699042840545,0.7309898851182128,LOCK
34350,s003,1.7041426650050983e-06,0.012552996040549724,0.8807541312942873,LOCK
34500,s003,0.00021194664609320692,0.012574171487580079,0.7312496766928366,LOCK
34650,s003,1.2982267496660976e-09,0.0026255130778913235,0.7309234512022531,LOCK
34800,s003,9.806656921169108e-09,2.26353687307462e-05,0.7310205409348848,LOCK
34950,s003,0.09435987116711331,0.009458621474491518,0.8808159477057892,LOCK
35100,s003,3.657504953279847e-09,0.009458621495864104,0.731055570480953,LOCK
35250,s003,0.012695156902028423,0.010727994569303147,0.7308733950096908,LOCK
35400,s003,0.0016661355149298201,0.010894588619719672,0.7309951449291039,LOCK
35550,s003,9.74580545069024e-09,0.010893536292166887,0.7317731716842065,LOCK
35700,s003,7.792726850835721e-08,0.010893491680829235,0.731551467203955,LOCK
35850,s003,3.906310572867064e-06,0.01089371189762002,0.7311673772207066,LOCK
