FPR,TPR,threshold
0.0,0.0,inf
0.0,9.80392156862745e-05,0.9787108302116394
0.0,0.013725490196078431,0.9514140486717224
0.0037254901960784314,0.013823529411764707,0.9513275623321532
0.0037254901960784314,0.015784313725490197,0.94928640127182
0.004803921568627451,0.01588235294117647,0.9492279887199402
0.004803921568627451,0.016666666666666666,0.9485793709754944
0.006764705882352941,0.016666666666666666,0.9483925700187684
0.006764705882352941,0.02049019607843137,0.9458563923835754
0.009901960784313725,0.02049019607843137,0.945793628692627
0.009901960784313725,0.022254901960784314,0.9449138641357422
0.012352941176470587,0.02235294117647059,0.9448001384735109
0.012352941176470587,0.02627450980392157,0.9425258636474608
0.013235294117647059,0.02627450980392157,0.942449152469635
0.013235294117647059,0.028431372549019607,0.9413947463035583
0.018137254901960786,0.028529411764705883,0.9413325786590576
0.018137254901960786,0.030784313725490196,0.9403533339500428
0.01931372549019608,0.030882352941176472,0.93984192609787
0.01931372549019608,0.034215686274509806,0.938599705696106
0.0196078431372549,0.03431372549019608,0.9384421110153198
0.0196078431372549,0.03676470588235294,0.9372491240501404
0.02049019607843137,0.03676470588235294,0.9372390508651732
0.02049019607843137,0.040098039215686276,0.935753583908081
0.02323529411764706,0.040098039215686276,0.9357519149780272
0.02323529411764706,0.04019607843137255,0.93568217754364
0.02480392156862745,0.04019607843137255,0.935618817806244
0.02480392156862745,0.04647058823529412,0.9324578046798706
0.024901960784313726,0.04647058823529412,0.9324532151222228
0.024901960784313726,0.046764705882352944,0.9324288964271544
0.027058823529411764,0.04686274509803921,0.9323524236679076
0.027058823529411764,0.050490196078431374,0.9307429194450378
0.02823529411764706,0.050490196078431374,0.9306908845901488
0.02823529411764706,0.05137254901960785,0.9303475618362428
0.03127450980392157,0.05137254901960785,0.9301891922950744
0.03127450980392157,0.05588235294117647,0.9281516671180724
0.03235294117647059,0.05588235294117647,0.92812842130661
0.03235294117647059,0.0769607843137255,0.91960209608078
0.03480392156862745,0.0769607843137255,0.9195746183395386
0.03480392156862745,0.08205882352941177,0.917975902557373
0.03705882352941176,0.08205882352941177,0.9179526567459106
0.03705882352941176,0.08401960784313725,0.9172213673591614
0.03862745098039216,0.08401960784313725,0.9171656966209412
0.03862745098039216,0.08754901960784314,0.9159512519836426
0.03862745098039216,0.08774509803921568,0.915926992893219
0.03862745098039216,0.08950980392156863,0.9151382446289062
0.041372549019607845,0.08950980392156863,0.9151154160499572
0.041372549019607845,0.09098039215686274,0.9146928787231444
0.04254901960784314,0.09098039215686274,0.9146796464920044
0.04254901960784314,0.09127450980392157,0.9146009683609008
0.04343137254901961,0.09127450980392157,0.9145928621292114
0.04343137254901961,0.09794117647058824,0.912333369255066
0.04794117647058824,0.09794117647058824,0.9123168587684632
0.04794117647058824,0.10098039215686275,0.911169409751892
0.04941176470588235,0.10098039215686275,0.9111657738685608
0.04941176470588235,0.10460784313725491,0.9096664786338806
0.05127450980392157,0.10460784313725491,0.9096472263336182
0.05127450980392157,0.10941176470588235,0.9077782034873962
0.052450980392156864,0.10941176470588235,0.9077578783035278
0.052450980392156864,0.11607843137254902,0.9057098627090454
0.054901960784313725,0.1161764705882353,0.9056984782218932
0.054901960784313725,0.12068627450980392,0.904061198234558
0.055392156862745096,0.1207843137254902,0.9039309024810792
0.055392156862745096,0.12127450980392157,0.9037860631942748
0.05598039215686274,0.12137254901960784,0.9037403464317322
0.05598039215686274,0.12392156862745098,0.902638614177704
0.05627450980392157,0.12392156862745098,0.9026135206222534
0.05627450980392157,0.13284313725490196,0.9000517725944519
0.05627450980392157,0.1330392156862745,0.9000368714332581
0.05627450980392157,0.13588235294117648,0.8990160226821899
0.058333333333333334,0.13588235294117648,0.8989599943161011
0.058333333333333334,0.14411764705882352,0.8967663645744324
0.058529411764705885,0.1442156862745098,0.8967649340629578
0.058529411764705885,0.14470588235294118,0.8966837525367737
0.06068627450980392,0.14480392156862745,0.8966780304908752
0.06470588235294118,0.14490196078431372,0.8966329097747803
0.06470588235294118,0.1468627450980392,0.8961684703826904
0.06558823529411764,0.1469607843137255,0.8961455821990967
0.06558823529411764,0.1493137254901961,0.8953595161437988
0.07049019607843138,0.1493137254901961,0.8953470587730408
0.07049019607843138,0.15245098039215688,0.8944240212440491
0.07137254901960784,0.15245098039215688,0.894412636756897
0.07137254901960784,0.15470588235294117,0.8936865329742432
0.07323529411764707,0.15480392156862746,0.8936557173728943
0.07323529411764707,0.1568627450980392,0.89306640625
0.07725490196078431,0.1568627450980392,0.8930581212043762
0.07725490196078431,0.15764705882352942,0.8928051590919495
0.08176470588235295,0.15764705882352942,0.8927552700042725
0.08176470588235295,0.15794117647058822,0.8926421999931335
0.08235294117647059,0.15794117647058822,0.8926345705986023
0.08235294117647059,0.16205882352941176,0.8910554051399231
0.08274509803921569,0.16215686274509805,0.8910120725631714
0.08274509803921569,0.16411764705882353,0.8905620574951172
0.08480392156862746,0.16411764705882353,0.8905515074729919
0.08911764705882352,0.1642156862745098,0.8905419707298279
0.08911764705882352,0.1646078431372549,0.8904297947883606
0.09127450980392157,0.16470588235294117,0.8903849720954895
0.09127450980392157,0.1707843137254902,0.8885794878005981
0.09441176470588235,0.1707843137254902,0.8884574770927429
0.09441176470588235,0.17186274509803923,0.8881979584693909
0.09558823529411764,0.17186274509803923,0.8881416320800781
0.09558823529411764,0.1726470588235294,0.8877182602882385
0.09607843137254903,0.1726470588235294,0.8876893520355225
0.09607843137254903,0.17333333333333334,0.8876219987869263
0.09862745098039216,0.1734313725490196,0.8876084089279175
0.09862745098039216,0.17509803921568629,0.8869573473930359
0.1007843137254902,0.17509803921568629,0.886861264705658
0.1007843137254902,0.17745098039215687,0.8861488103866577
0.10166666666666667,0.17754901960784314,0.8861448168754578
0.10166666666666667,0.17980392156862746,0.8856123089790344
0.10284313725490196,0.17990196078431372,0.885602593421936
0.10284313725490196,0.18029411764705883,0.885528564453125
0.10715686274509804,0.1803921568627451,0.8855247497558594
0.10715686274509804,0.18205882352941177,0.8850658535957336
0.1103921568627451,0.18215686274509804,0.8850268125534058
0.1103921568627451,0.18323529411764705,0.8846156001091003
0.11519607843137254,0.18333333333333332,0.8845602869987488
0.11519607843137254,0.18352941176470589,0.8845095634460449
0.11754901960784314,0.18352941176470589,0.8844988346099854
0.11862745098039215,0.18352941176470589,0.8843563795089722
0.11862745098039215,0.18529411764705883,0.8839260339736938
0.11911764705882352,0.18529411764705883,0.8838842511177063
0.11911764705882352,0.1885294117647059,0.882722795009613
0.12068627450980392,0.1885294117647059,0.8827118277549744
0.12068627450980392,0.1892156862745098,0.8824180960655212
0.12490196078431373,0.18931372549019607,0.8824091553688049
0.12490196078431373,0.1896078431372549,0.8823946118354797
0.12676470588235295,0.1896078431372549,0.8823338747024536
0.12794117647058822,0.1896078431372549,0.8823301792144775
0.12794117647058822,0.19117647058823528,0.8819286823272705
0.1323529411764706,0.19117647058823528,0.8819050192832947
0.1323529411764706,0.19147058823529411,0.8818042278289795
0.1365686274509804,0.19147058823529411,0.8817325234413147
0.1365686274509804,0.19303921568627452,0.8811395168304443
0.1377450980392157,0.19303921568627452,0.8811392188072205
0.1377450980392157,0.19598039215686275,0.8803343772888184
0.13823529411764707,0.19607843137254902,0.8802950382232666
0.13823529411764707,0.20029411764705882,0.8787850737571716
0.1396078431372549,0.20039215686274509,0.8787822723388672
0.1396078431372549,0.2007843137254902,0.8787282109260559
0.1423529411764706,0.20088235294117648,0.8786911368370056
0.1423529411764706,0.20294117647058824,0.8780997395515442
0.14401960784313725,0.20294117647058824,0.8780815005302429
0.14401960784313725,0.20794117647058824,0.8768948912620544
0.1457843137254902,0.20794117647058824,0.8768805861473083
0.1457843137254902,0.20921568627450982,0.8766142725944519
0.15029411764705883,0.20931372549019608,0.8766127228736877
0.15029411764705883,0.21029411764705883,0.8763467073440552
0.15049019607843137,0.2103921568627451,0.8763253092765808
0.15049019607843137,0.21411764705882352,0.8756962418556213
0.15166666666666667,0.2142156862745098,0.8756864666938782
0.15166666666666667,0.22490196078431374,0.8728330135345459
0.15284313725490195,0.225,0.8728207945823669
0.15284313725490195,0.22686274509803922,0.8723611831665039
0.15343137254901962,0.2269607843137255,0.8723574280738831
0.15343137254901962,0.22823529411764706,0.8718631267547607
0.15343137254901962,0.2284313725490196,0.8718125224113464
0.15343137254901962,0.23441176470588235,0.8702185750007629
0.15696078431372548,0.23441176470588235,0.8702118396759033
0.15696078431372548,0.23852941176470588,0.8690698146820068
0.1607843137254902,0.23852941176470588,0.8690462112426758
0.1607843137254902,0.24333333333333335,0.8677746057510376
0.16166666666666665,0.24333333333333335,0.8677348494529724
0.16166666666666665,0.24372549019607842,0.8676598072052002
0.16264705882352942,0.24372549019607842,0.8676565289497375
0.16264705882352942,0.2596078431372549,0.8623430728912354
0.1635294117647059,0.2597058823529412,0.8623102307319641
0.1635294117647059,0.2661764705882353,0.8604693412780762
0.1684313725490196,0.2661764705882353,0.86042320728302
0.1684313725490196,0.26754901960784316,0.8601911067962646
0.1696078431372549,0.26754901960784316,0.8601675629615784
0.1696078431372549,0.26872549019607844,0.8597348928451538
0.1723529411764706,0.2688235294117647,0.8597301244735718
0.1723529411764706,0.27019607843137255,0.859002947807312
0.17676470588235293,0.27019607843137255,0.8590020537376404
0.17676470588235293,0.27156862745098037,0.858630359172821
0.18049019607843136,0.27156862745098037,0.8586071133613586
0.18049019607843136,0.27784313725490195,0.8568638563156128
0.18441176470588236,0.27784313725490195,0.8568593263626099
0.18441176470588236,0.28098039215686277,0.8558851480484009
0.18754901960784315,0.281078431372549,0.8558813333511353
0.18754901960784315,0.28519607843137257,0.8549444079399109
0.18911764705882353,0.28519607843137257,0.8549250364303589
0.18911764705882353,0.28647058823529414,0.8544822335243225
0.19029411764705884,0.2865686274509804,0.8544647097587585
0.19029411764705884,0.28794117647058826,0.8542512059211731
0.19127450980392158,0.28794117647058826,0.854238748550415
0.19127450980392158,0.2911764705882353,0.8533998727798462
0.19264705882352942,0.2911764705882353,0.8533573746681213
0.19264705882352942,0.2916666666666667,0.8532471656799316
0.19715686274509803,0.2917647058823529,0.8532260060310364
0.19715686274509803,0.29411764705882354,0.8524779677391052
0.20147058823529412,0.29411764705882354,0.8523188233375549
0.20147058823529412,0.29676470588235293,0.8513780236244202
0.20245098039215687,0.29676470588235293,0.8513435125350952
0.20245098039215687,0.2972549019607843,0.8512542843818665
0.205,0.2973529411764706,0.8512458801269531
0.205,0.29823529411764704,0.8511143326759338
0.2073529411764706,0.29823529411764704,0.8510873317718506
0.2073529411764706,0.29990196078431375,0.8505430221557617
0.20852941176470588,0.3,0.8505319952964783
0.20852941176470588,0.3001960784313725,0.850447416305542
0.21137254901960784,0.3002941176470588,0.8504325747489929
0.21137254901960784,0.30245098039215684,0.849811315536499
0.21137254901960784,0.30264705882352944,0.8497998118400574
0.21137254901960784,0.30666666666666664,0.8488268256187439
0.21490196078431373,0.30676470588235294,0.8488168716430664
0.21490196078431373,0.31166666666666665,0.8473232388496399
0.2153921568627451,0.31176470588235294,0.847317636013031
0.22029411764705883,0.31186274509803924,0.8472961187362671
0.22029411764705883,0.3134313725490196,0.8467967510223389
0.22450980392156863,0.3135294117647059,0.8467851877212524
0.22450980392156863,0.3149019607843137,0.8464605808258057
0.22911764705882354,0.3149019607843137,0.8463621139526367
0.22911764705882354,0.315,0.8463225364685059
0.2292156862745098,0.3150980392156863,0.8463168740272522
0.2292156862745098,0.3206862745098039,0.8446105122566223
0.2327450980392157,0.3207843137254902,0.8445727229118347
0.2327450980392157,0.32166666666666666,0.8444424867630005
0.2330392156862745,0.32176470588235295,0.8444406986236572
0.2330392156862745,0.3254901960784314,0.8433175683021545
0.23323529411764707,0.3254901960784314,0.8432803750038147
0.23323529411764707,0.3281372549019608,0.8426350951194763
0.23362745098039217,0.3281372549019608,0.8425506353378296
0.23715686274509803,0.32823529411764707,0.842541515827179
0.23715686274509803,0.32862745098039214,0.8424081802368164
0.2418627450980392,0.32872549019607844,0.8424035310745239
0.2418627450980392,0.32950980392156864,0.8422072529792786
0.24529411764705883,0.32950980392156864,0.8421990871429443
0.24529411764705883,0.33715686274509804,0.8398677110671997
0.2464705882352941,0.33725490196078434,0.8398640751838684
0.2464705882352941,0.33872549019607845,0.839470624923706
0.24990196078431373,0.33872549019607845,0.8394684791564941
0.24990196078431373,0.3397058823529412,0.8391962647438049
0.25323529411764706,0.3397058823529412,0.8391026854515076
0.25323529411764706,0.3447058823529412,0.837622344493866
0.2546078431372549,0.34480392156862744,0.8375688195228577
0.2546078431372549,0.34490196078431373,0.8375397324562073
0.2550980392156863,0.34490196078431373,0.8374975323677063
0.2550980392156863,0.3453921568627451,0.8373650908470154
0.25558823529411767,0.3454901960784314,0.8373635411262512
0.25558823529411767,0.3465686274509804,0.8369553685188293
0.2591176470588235,0.3465686274509804,0.8369480967521667
0.2591176470588235,0.3472549019607843,0.8367579579353333
0.2620588235294118,0.3472549019607843,0.8367226123809814
0.2620588235294118,0.34852941176470587,0.8363561034202576
0.2656862745098039,0.34852941176470587,0.8363351225852966
0.2656862745098039,0.34990196078431374,0.8359146118164062
0.2657843137254902,0.34990196078431374,0.8357680439949036
0.2657843137254902,0.3514705882352941,0.8353911638259888
0.2696078431372549,0.3514705882352941,0.8353641629219055
0.2696078431372549,0.3517647058823529,0.8352744579315186
0.2726470588235294,0.3518627450980392,0.8352292776107788
0.2726470588235294,0.35745098039215684,0.8332024812698364
0.27480392156862743,0.35754901960784313,0.8331909775733948
0.27480392156862743,0.35774509803921567,0.8330734968185425
0.2783333333333333,0.35774509803921567,0.8330168724060059
0.2783333333333333,0.358921568627451,0.8326851725578308
0.28215686274509805,0.358921568627451,0.8326810598373413
0.28215686274509805,0.35901960784313725,0.8326101303100586
0.2822549019607843,0.35911764705882354,0.8325717449188232
0.2845098039215686,0.3592156862745098,0.8324546813964844
0.2845098039215686,0.3606862745098039,0.8318629264831543
0.28568627450980394,0.3606862745098039,0.8317670822143555
0.28568627450980394,0.36215686274509806,0.8313307762145996
0.2887254901960784,0.36215686274509806,0.8313219547271729
0.2887254901960784,0.3665686274509804,0.8298649787902832
0.2926470588235294,0.36666666666666664,0.8298425674438477
0.2926470588235294,0.3707843137254902,0.8284223079681396
0.296078431372549,0.3707843137254902,0.8284052610397339
0.296078431372549,0.37470588235294117,0.8270851373672485
0.29627450980392156,0.37480392156862746,0.8270814418792725
0.29627450980392156,0.37607843137254904,0.8265933990478516
0.29715686274509806,0.3761764705882353,0.8265631794929504
0.29715686274509806,0.377843137254902,0.8259136080741882
0.29990196078431375,0.3779411764705882,0.8258811831474304
0.29990196078431375,0.38058823529411767,0.8249673843383789
0.3045098039215686,0.3806862745098039,0.8249321579933167
0.3045098039215686,0.38245098039215686,0.8245347142219543
0.30833333333333335,0.38254901960784315,0.8245209455490112
0.30833333333333335,0.3846078431372549,0.8235720992088318
0.3107843137254902,0.3847058823529412,0.8235610127449036
0.3107843137254902,0.3884313725490196,0.8221728801727295
0.3142156862745098,0.3884313725490196,0.8221555352210999
0.3142156862745098,0.3927450980392157,0.820842981338501
0.31607843137254904,0.3927450980392157,0.8208333253860474
0.31607843137254904,0.3934313725490196,0.8204420804977417
0.3205882352941177,0.3934313725490196,0.820425271987915
0.3205882352941177,0.3969607843137255,0.8193442225456238
0.32313725490196077,0.3969607843137255,0.8193426132202148
0.32313725490196077,0.3976470588235294,0.8191165924072266
0.32450980392156864,0.3976470588235294,0.8190643787384033
0.32450980392156864,0.40147058823529413,0.8175370693206787
0.325,0.40147058823529413,0.817525327205658
0.325,0.4041176470588235,0.8169824481010437
0.3292156862745098,0.4041176470588235,0.8169440627098083
0.3292156862745098,0.41294117647058826,0.8136621117591858
0.3332352941176471,0.41294117647058826,0.8136572241783142
0.3332352941176471,0.4165686274509804,0.8124449253082275
0.3381372549019608,0.4165686274509804,0.812409520149231
0.3381372549019608,0.4168627450980392,0.8122627139091492
0.3384313725490196,0.41696078431372546,0.8122541308403015
0.3384313725490196,0.4174509803921569,0.8119819760322571
0.3419607843137255,0.41754901960784313,0.8119467496871948
0.3419607843137255,0.41911764705882354,0.8111271858215332
0.3432352941176471,0.41911764705882354,0.8111239671707153
0.3432352941176471,0.41970588235294115,0.8110017776489258
0.3466666666666667,0.41970588235294115,0.8109946846961975
0.3466666666666667,0.421078431372549,0.8106741905212402
0.3488235294117647,0.421078431372549,0.8106691837310791
0.3488235294117647,0.42245098039215684,0.8101548552513123
0.35352941176470587,0.42254901960784313,0.8101547360420227
0.35352941176470587,0.4231372549019608,0.8098669648170471
0.3546078431372549,0.4231372549019608,0.8098064064979553
0.3546078431372549,0.4242156862745098,0.8094666004180908
0.3595098039215686,0.4242156862745098,0.8094590306282043
0.3595098039215686,0.4253921568627451,0.8092544674873352
0.36333333333333334,0.42549019607843136,0.8092414140701294
0.36333333333333334,0.4281372549019608,0.8081187605857849
0.3658823529411765,0.42823529411764705,0.8081023693084717
0.3658823529411765,0.43166666666666664,0.8069532513618469
0.36901960784313725,0.43176470588235294,0.8069443106651306
0.36901960784313725,0.4377450980392157,0.804456889629364
0.3734313725490196,0.437843137254902,0.8044096827507019
0.3750980392156863,0.4379411764705882,0.8043169975280762
0.3750980392156863,0.4380392156862745,0.8043105602264404
0.37598039215686274,0.4380392156862745,0.8042863011360168
0.37598039215686274,0.4484313725490196,0.8007852435112
0.3770588235294118,0.4484313725490196,0.8007814884185791
0.3770588235294118,0.4553921568627451,0.7976983189582825
0.3779411764705882,0.4554901960784314,0.7976831793785095
0.3779411764705882,0.4604901960784314,0.7961434125900269
0.3791176470588235,0.46058823529411763,0.7960413098335266
0.3791176470588235,0.46098039215686276,0.7957907915115356
0.3830392156862745,0.461078431372549,0.7957688570022583
0.3830392156862745,0.4611764705882353,0.7957335114479065
0.38372549019607843,0.4611764705882353,0.795702338218689
0.38372549019607843,0.4618627450980392,0.7952632308006287
0.38382352941176473,0.4618627450980392,0.7952430844306946
0.38382352941176473,0.4634313725490196,0.7946852445602417
0.38441176470588234,0.46352941176470586,0.7946760058403015
0.38441176470588234,0.4640196078431372,0.7942410111427307
0.3883333333333333,0.4641176470588235,0.7942212820053101
0.3903921568627451,0.4641176470588235,0.7941943407058716
0.3903921568627451,0.46431372549019606,0.7940911054611206
0.3919607843137255,0.46431372549019606,0.7940864562988281
0.3919607843137255,0.46509803921568627,0.7938699722290039
0.39598039215686276,0.46509803921568627,0.793864905834198
0.39598039215686276,0.4668627450980392,0.7930641770362854
0.3975490196078431,0.4668627450980392,0.7926609516143799
0.3975490196078431,0.4704901960784314,0.7914431691169739
0.40058823529411763,0.47058823529411764,0.7913579940795898
0.40058823529411763,0.4730392156862745,0.7901600003242493
0.4031372549019608,0.4730392156862745,0.7901150584220886
0.40372549019607845,0.4730392156862745,0.7901128530502319
0.40372549019607845,0.4801960784313726,0.7876918315887451
0.4066666666666667,0.4801960784313726,0.7876861691474915
0.4066666666666667,0.4818627450980392,0.7867443561553955
0.4075490196078431,0.4818627450980392,0.7867257595062256
0.4075490196078431,0.48294117647058826,0.7864205241203308
0.4088235294117647,0.48294117647058826,0.7863919138908386
0.4088235294117647,0.4872549019607843,0.7849360108375549
0.4137254901960784,0.4873529411764706,0.7849043607711792
0.4137254901960784,0.48892156862745095,0.7838269472122192
0.4166666666666667,0.48892156862745095,0.7837426066398621
0.4166666666666667,0.49,0.7832671999931335
0.41794117647058826,0.49,0.7832186222076416
0.41794117647058826,0.49519607843137253,0.7809358239173889
0.4207843137254902,0.49519607843137253,0.7808251976966858
0.4207843137254902,0.49686274509803924,0.7801003456115723
0.4214705882352941,0.4969607843137255,0.780036985874176
0.4214705882352941,0.5012745098039215,0.7783350944519043
0.4215686274509804,0.5012745098039215,0.7782568335533142
0.4215686274509804,0.5017647058823529,0.7779816389083862
0.4252941176470588,0.5017647058823529,0.7778937220573425
0.4252941176470588,0.5084313725490196,0.7750294208526611
0.42715686274509806,0.5085294117647059,0.7750033140182495
0.42715686274509806,0.5097058823529412,0.7743654847145081
0.4287254901960784,0.5098039215686274,0.7743219137191772
0.4287254901960784,0.5117647058823529,0.773675799369812
0.43166666666666664,0.5117647058823529,0.7736609578132629
0.43166666666666664,0.513235294117647,0.773341953754425
0.435,0.513235294117647,0.7733199000358582
0.435,0.5174509803921569,0.7720403671264648
0.43607843137254904,0.5175490196078432,0.7719478011131287
0.43607843137254904,0.5191176470588236,0.7713459730148315
0.4369607843137255,0.5192156862745098,0.7713214755058289
0.4369607843137255,0.5194117647058824,0.7712314128875732
0.43813725490196076,0.5195098039215686,0.7712039351463318
0.43813725490196076,0.5243137254901961,0.7688714265823364
0.4385294117647059,0.5243137254901961,0.7688392996788025
0.4385294117647059,0.5256862745098039,0.767922580242157
0.43970588235294117,0.5256862745098039,0.7678624987602234
0.4434313725490196,0.5256862745098039,0.7677766680717468
0.4434313725490196,0.5290196078431373,0.7664918303489685
0.44823529411764707,0.5291176470588236,0.7664631605148315
0.44823529411764707,0.5295098039215687,0.766234815120697
0.45235294117647057,0.5295098039215687,0.7661961317062378
0.45235294117647057,0.5307843137254902,0.7657409906387329
0.45666666666666667,0.5307843137254902,0.7657151222229004
0.45666666666666667,0.5314705882352941,0.7654597759246826
0.4597058823529412,0.5314705882352941,0.7654392719268799
0.4597058823529412,0.5352941176470588,0.7634583711624146
0.46137254901960784,0.5352941176470588,0.7634530663490295
0.46137254901960784,0.5358823529411765,0.7630710601806641
0.4642156862745098,0.5359803921568628,0.7629826068878174
0.4642156862745098,0.5375490196078432,0.7623933553695679
0.46794117647058825,0.5376470588235294,0.7623622417449951
0.46794117647058825,0.5394117647058824,0.7615407109260559
0.4717647058823529,0.5394117647058824,0.7614664435386658
0.4717647058823529,0.5438235294117647,0.7591522336006165
0.4766666666666667,0.543921568627451,0.7590970396995544
0.4766666666666667,0.5459803921568628,0.7582260966300964
0.4781372549019608,0.5459803921568628,0.7580720782279968
0.4781372549019608,0.547156862745098,0.7575325965881348
0.478921568627451,0.547156862745098,0.7574834823608398
0.478921568627451,0.5554901960784314,0.7530426979064941
0.48205882352941176,0.5555882352941176,0.7530351877212524
0.48205882352941176,0.5562745098039216,0.7525138258934021
0.48294117647058826,0.5563725490196079,0.7524908185005188
0.48294117647058826,0.557156862745098,0.7522468566894531
0.48411764705882354,0.5572549019607843,0.7520925998687744
0.48411764705882354,0.5574509803921569,0.7520197629928589
0.48686274509803923,0.5574509803921569,0.7519669532775879
0.48686274509803923,0.557843137254902,0.7517178058624268
0.4884313725490196,0.557843137254902,0.7516987323760986
0.4884313725490196,0.5647058823529412,0.7481010556221008
0.4894117647058824,0.5647058823529412,0.7480967044830322
0.4894117647058824,0.5649019607843138,0.7480450868606567
0.49186274509803923,0.5649019607843138,0.7480067610740662
0.49186274509803923,0.5658823529411765,0.7476075887680054
0.49529411764705883,0.5658823529411765,0.7475683093070984
0.49529411764705883,0.5674509803921569,0.7463884949684143
0.49676470588235294,0.5675490196078431,0.7463772892951965
0.49676470588235294,0.5696078431372549,0.7453024983406067
0.5000980392156863,0.5696078431372549,0.7452319860458374
0.5000980392156863,0.5714705882352941,0.7438356876373291
0.5026470588235294,0.5715686274509804,0.7435289621353149
0.5026470588235294,0.5718627450980392,0.7433926463127136
0.5029411764705882,0.5718627450980392,0.7433915734291077
0.5029411764705882,0.5723529411764706,0.7432471513748169
0.504313725490196,0.5723529411764706,0.7432239651679993
0.504313725490196,0.5732352941176471,0.7428300976753235
0.5081372549019608,0.5733333333333334,0.7427715063095093
0.5081372549019608,0.5737254901960784,0.7426049709320068
0.5120588235294118,0.5737254901960784,0.7425817847251892
0.5120588235294118,0.5747058823529412,0.741851270198822
0.5167647058823529,0.5748039215686275,0.7417857050895691
0.5167647058823529,0.578921568627451,0.7398991584777832
0.5201960784313725,0.578921568627451,0.7398228049278259
0.5201960784313725,0.58,0.7390962839126587
0.5212745098039215,0.58,0.7390901446342468
0.5212745098039215,0.5829411764705882,0.7375068068504333
0.5257843137254902,0.5829411764705882,0.7374475002288818
0.5257843137254902,0.5856862745098039,0.7350972890853882
0.5297058823529411,0.5857843137254902,0.735056459903717
0.5297058823529411,0.5912745098039216,0.7321212291717529
0.5307843137254902,0.5912745098039216,0.7320865988731384
0.5307843137254902,0.5913725490196079,0.7319943904876709
0.5341176470588235,0.5914705882352941,0.7318401336669922
0.5341176470588235,0.5942156862745098,0.7305662631988525
0.5347058823529411,0.5942156862745098,0.7304746508598328
0.5347058823529411,0.5957843137254902,0.7290676832199097
0.5388235294117647,0.5957843137254902,0.7290603518486023
0.5388235294117647,0.5959803921568627,0.7289954423904419
0.5435294117647059,0.596078431372549,0.7288447022438049
0.5435294117647059,0.5966666666666667,0.7286445498466492
0.5475490196078432,0.5966666666666667,0.7286385297775269
0.5475490196078432,0.5976470588235294,0.7278466820716858
0.548235294117647,0.5977450980392157,0.7277722358703613
0.548235294117647,0.6026470588235294,0.7248092293739319
0.5503921568627451,0.6026470588235294,0.7245112061500549
0.5503921568627451,0.6029411764705882,0.7243992686271667
0.5522549019607843,0.6030392156862745,0.7243787050247192
0.5522549019607843,0.6047058823529412,0.7234708666801453
0.5558823529411765,0.6047058823529412,0.7233678698539734
0.5558823529411765,0.6054901960784314,0.722796618938446
0.5574509803921569,0.6054901960784314,0.7227718234062195
0.5574509803921569,0.6059803921568627,0.7224017381668091
0.5617647058823529,0.6059803921568627,0.7223972678184509
0.5617647058823529,0.6065686274509804,0.7220473289489746
0.5642156862745098,0.6066666666666667,0.7220351696014404
0.5642156862745098,0.616078431372549,0.7171657085418701
0.5661764705882353,0.6161764705882353,0.7168217301368713
0.5661764705882353,0.6171568627450981,0.716106116771698
0.5697058823529412,0.6171568627450981,0.7158790826797485
0.5697058823529412,0.6177450980392157,0.7155300974845886
0.5744117647058824,0.6177450980392157,0.7154847979545593
0.5744117647058824,0.6205882352941177,0.7141855955123901
0.5793137254901961,0.620686274509804,0.7140867114067078
0.5793137254901961,0.6211764705882353,0.7136101722717285
0.5796078431372549,0.6212745098039215,0.713589608669281
0.5796078431372549,0.6255882352941177,0.7115472555160522
0.5803921568627451,0.625686274509804,0.7114381194114685
0.5803921568627451,0.6278431372549019,0.7099976539611816
0.5839215686274509,0.6279411764705882,0.7098991274833679
0.5839215686274509,0.6290196078431373,0.7090913653373718
0.5845098039215686,0.6290196078431373,0.708996593952179
0.5845098039215686,0.6318627450980392,0.7078596353530884
0.5846078431372549,0.6319607843137255,0.7077593803405762
0.5846078431372549,0.6331372549019608,0.7069014310836792
0.5874509803921568,0.633235294117647,0.706669270992279
0.5874509803921568,0.6372549019607843,0.7041518092155457
0.5892156862745098,0.6373529411764706,0.7041469216346741
0.5892156862745098,0.6457843137254902,0.6987040042877197
0.5934313725490196,0.6458823529411765,0.6983731985092163
0.5934313725490196,0.6487254901960784,0.6965182423591614
0.5980392156862745,0.6487254901960784,0.6964967250823975
0.5980392156862745,0.6499019607843137,0.6954378485679626
0.5983333333333334,0.65,0.6954118013381958
0.5983333333333334,0.6536274509803922,0.6925509572029114
0.6025490196078431,0.6536274509803922,0.6924132704734802
0.6025490196078431,0.6574509803921569,0.6900703310966492
0.6066666666666667,0.6574509803921569,0.6900568008422852
0.6066666666666667,0.6577450980392157,0.6900246739387512
0.6098039215686275,0.657843137254902,0.6900085210800171
0.6098039215686275,0.6637254901960784,0.6861246228218079
0.6118627450980392,0.6637254901960784,0.6860780119895935
0.6118627450980392,0.6684313725490196,0.68283611536026
0.6155882352941177,0.6685294117647059,0.6828184127807617
0.6155882352941177,0.6708823529411765,0.6812418103218079
0.6195098039215686,0.6709803921568628,0.681186318397522
0.6195098039215686,0.6725490196078432,0.6800227761268616
0.6229411764705882,0.6725490196078432,0.6799992322921753
0.6229411764705882,0.6748039215686275,0.6782976984977722
0.6277450980392156,0.6748039215686275,0.6782770156860352
0.6277450980392156,0.6765686274509803,0.6766369342803955
0.6316666666666667,0.6765686274509803,0.6764894127845764
0.6316666666666667,0.678235294117647,0.6753743886947632
0.6324509803921569,0.6783333333333333,0.675345242023468
0.6324509803921569,0.6824509803921569,0.6721978187561035
0.6368627450980392,0.6825490196078431,0.6721755266189575
0.6368627450980392,0.6862745098039216,0.6688334941864014
0.6402941176470588,0.6863725490196079,0.668716311454773
0.6402941176470588,0.6913725490196079,0.6639679670333862
0.6433333333333333,0.6914705882352942,0.6638256311416626
0.6433333333333333,0.6916666666666667,0.6637356281280518
0.6441176470588236,0.6916666666666667,0.6636285781860352
0.6441176470588236,0.6922549019607843,0.6630777716636658
0.6456862745098039,0.6922549019607843,0.6630600094795227
0.6465686274509804,0.6923529411764706,0.663047194480896
0.6465686274509804,0.6935294117647058,0.6620261073112488
0.6472549019607843,0.6935294117647058,0.6620169878005981
0.6472549019607843,0.6936274509803921,0.6618439555168152
0.6517647058823529,0.6937254901960784,0.6617870926856995
0.6517647058823529,0.6973529411764706,0.6585534811019897
0.6556862745098039,0.6973529411764706,0.6583665609359741
0.6556862745098039,0.7003921568627451,0.6548588275909424
0.6600980392156863,0.7003921568627451,0.654857337474823
0.6600980392156863,0.7009803921568627,0.6544904112815857
0.6619607843137255,0.701078431372549,0.6543076634407043
0.6619607843137255,0.7026470588235294,0.6529061794281006
0.6640196078431373,0.7026470588235294,0.6528441905975342
0.6640196078431373,0.7045098039215686,0.651474118232727
0.6684313725490196,0.7045098039215686,0.6513859629631042
0.6684313725490196,0.7111764705882353,0.6454399824142456
0.6725490196078432,0.7112745098039216,0.645267903804779
0.6725490196078432,0.7132352941176471,0.6434573531150818
0.6758823529411765,0.7132352941176471,0.6434566974639893
0.6758823529411765,0.7177450980392157,0.6392032504081726
0.6766666666666666,0.717843137254902,0.6391233205795288
0.6766666666666666,0.7188235294117648,0.6386370062828064
0.6788235294117647,0.7189215686274509,0.6386006474494934
0.6788235294117647,0.7190196078431372,0.6385229229927063
0.6824509803921569,0.7190196078431372,0.6384389400482178
0.6824509803921569,0.725,0.6328533887863159
0.6826470588235294,0.7250980392156863,0.6325822472572327
0.6826470588235294,0.7265686274509804,0.6307587623596191
0.6867647058823529,0.7266666666666667,0.6307020783424377
0.6867647058823529,0.7290196078431372,0.6280527114868164
0.6897058823529412,0.7290196078431372,0.6280134320259094
0.6897058823529412,0.7300980392156863,0.6261212825775146
0.6901960784313725,0.7301960784313726,0.6261038780212402
0.6901960784313725,0.730686274509804,0.6257623434066772
0.6922549019607843,0.7307843137254902,0.6256271004676819
0.6922549019607843,0.7344117647058823,0.6216832995414734
0.6947058823529412,0.7345098039215686,0.6216611862182617
0.6947058823529412,0.7359803921568627,0.6199008822441101
0.6963725490196079,0.7359803921568627,0.6198782920837402
0.6963725490196079,0.7372549019607844,0.6181218028068542
0.7004901960784313,0.7373529411764705,0.6180665493011475
0.7004901960784313,0.7399019607843137,0.6160327792167664
0.701764705882353,0.74,0.615983247756958
0.701764705882353,0.7455882352941177,0.610252320766449
0.7040196078431372,0.745686274509804,0.6102164387702942
0.7040196078431372,0.7477450980392157,0.6079217195510864
0.706078431372549,0.7477450980392157,0.6079084873199463
0.706078431372549,0.7516666666666667,0.604016125202179
0.706764705882353,0.7517647058823529,0.6037693023681641
0.706764705882353,0.756078431372549,0.599187970161438
0.7103921568627451,0.7561764705882353,0.5990657806396484
0.7103921568627451,0.759313725490196,0.5955999493598938
0.7151960784313726,0.7594117647058823,0.5954748392105103
0.7151960784313726,0.7595098039215686,0.5954604744911194
0.7200980392156863,0.7595098039215686,0.5954375267028809
0.7200980392156863,0.7631372549019608,0.5909927487373352
0.7240196078431372,0.7631372549019608,0.5909731984138489
0.7240196078431372,0.763921568627451,0.5902489423751831
0.7242156862745098,0.763921568627451,0.5900459289550781
0.7242156862745098,0.7646078431372549,0.5894119739532471
0.7266666666666667,0.7646078431372549,0.5892613530158997
0.7266666666666667,0.7655882352941177,0.5883301496505737
0.7311764705882353,0.765686274509804,0.5879132747650146
0.7311764705882353,0.7659803921568628,0.5875240564346313
0.7350980392156863,0.7659803921568628,0.5874340534210205
0.7350980392156863,0.7687254901960784,0.5835793018341064
0.7392156862745098,0.7688235294117647,0.5833218097686768
0.7392156862745098,0.7722549019607843,0.5779306888580322
0.743921568627451,0.7723529411764706,0.5777848958969116
0.743921568627451,0.7744117647058824,0.5748522877693176
0.7467647058823529,0.7745098039215687,0.5746784210205078
0.7467647058823529,0.7750980392156863,0.573816180229187
0.7475490196078431,0.7750980392156863,0.5736549496650696
0.7475490196078431,0.7774509803921569,0.5700741410255432
0.7513725490196078,0.7775490196078432,0.5700712203979492
0.7513725490196078,0.778921568627451,0.5679063200950623
0.7531372549019608,0.778921568627451,0.5678682327270508
0.7531372549019608,0.7791176470588236,0.5674461126327515
0.7544117647058823,0.7792156862745098,0.5671555995941162
0.7544117647058823,0.783921568627451,0.5609577894210815
0.7554901960784314,0.7840196078431373,0.5609118342399597
0.7554901960784314,0.7899019607843137,0.5533291697502136
0.7601960784313726,0.7899019607843137,0.5532224774360657
0.7601960784313726,0.7925490196078432,0.5496628880500793
0.7640196078431373,0.7926470588235294,0.5495668053627014
0.7640196078431373,0.7934313725490196,0.5484331250190735
0.7673529411764706,0.7934313725490196,0.5484111309051514
0.7673529411764706,0.7967647058823529,0.5423833131790161
0.7690196078431373,0.7967647058823529,0.5422371625900269
0.7690196078431373,0.7968627450980392,0.5422265529632568
0.772843137254902,0.7968627450980392,0.5421947836875916
0.772843137254902,0.7975490196078432,0.5407468676567078
0.7749019607843137,0.7975490196078432,0.5405021905899048
0.7749019607843137,0.7977450980392157,0.540468692779541
0.7751960784313725,0.7977450980392157,0.54042649269104
0.7751960784313725,0.7999019607843137,0.5372982025146484
0.7785294117647059,0.8,0.5372181534767151
0.7785294117647059,0.8012745098039216,0.5346146821975708
0.7823529411764706,0.8012745098039216,0.5343128442764282
0.7823529411764706,0.8013725490196079,0.5342797040939331
0.7844117647058824,0.8013725490196079,0.5342071056365967
0.7844117647058824,0.807843137254902,0.5220505595207214
0.7870588235294118,0.807843137254902,0.5219244360923767
0.7870588235294118,0.8079411764705883,0.5216330289840698
0.7877450980392157,0.8079411764705883,0.5215647220611572
0.7877450980392157,0.8084313725490196,0.5207759737968445
0.7906862745098039,0.8084313725490196,0.5207323431968689
0.7906862745098039,0.8093137254901961,0.5200895071029663
0.7911764705882353,0.8094117647058824,0.5199072957038879
0.7911764705882353,0.8097058823529412,0.5193004012107849
0.795,0.8098039215686275,0.5186387896537781
0.795,0.8112745098039216,0.5158820748329163
0.798235294117647,0.8112745098039216,0.515795886516571
0.798235294117647,0.8134313725490196,0.512792706489563
0.8025490196078431,0.8135294117647058,0.5127580761909485
0.8025490196078431,0.8153921568627451,0.5094030499458313
0.8050980392156862,0.8154901960784313,0.509382426738739
0.8050980392156862,0.8230392156862745,0.4965336918830871
0.8099019607843138,0.8231372549019608,0.496274322271347
0.8099019607843138,0.8252941176470588,0.4914405345916748
0.8148039215686275,0.8252941176470588,0.4912393987178802
0.8148039215686275,0.8273529411764706,0.4873080849647522
0.8195098039215686,0.8273529411764706,0.4870837926864624
0.8195098039215686,0.8282352941176471,0.485730916261673
0.8236274509803921,0.8282352941176471,0.485392689704895
0.8236274509803921,0.8294117647058824,0.4828042089939117
0.8274509803921568,0.8294117647058824,0.4825128614902496
0.8274509803921568,0.8304901960784313,0.481204092502594
0.8315686274509804,0.8305882352941176,0.4811956584453583
0.836078431372549,0.8306862745098039,0.4811475574970245
0.836078431372549,0.8345098039215686,0.4716242849826813
0.8380392156862745,0.8345098039215686,0.4715144336223602
0.8380392156862745,0.8384313725490196,0.4649018943309784
0.8396078431372549,0.8385294117647059,0.4647960066795349
0.8396078431372549,0.8406862745098039,0.4622614085674286
0.8424509803921568,0.8406862745098039,0.4622235894203186
0.8424509803921568,0.8407843137254902,0.4621992707252502
0.8435294117647059,0.8408823529411765,0.462051123380661
0.8451960784313726,0.8409803921568627,0.4619971513748169
0.8451960784313726,0.8508823529411764,0.4431475698947906
0.8496078431372549,0.8509803921568627,0.442756175994873
0.8496078431372549,0.851078431372549,0.4426219761371612
0.851078431372549,0.8511764705882353,0.4425238668918609
0.851078431372549,0.8553921568627451,0.4340355694293976
0.852156862745098,0.8554901960784314,0.4339416325092315
0.852156862745098,0.8562745098039216,0.4326719641685486
0.8550980392156863,0.8562745098039216,0.4325913190841675
0.8550980392156863,0.8602941176470589,0.4217006862163543
0.8596078431372549,0.8603921568627451,0.4213181436061859
0.8596078431372549,0.8611764705882353,0.4196028113365173
0.861078431372549,0.8612745098039216,0.4193941056728363
0.861078431372549,0.8644117647058823,0.4114869236946106
0.8640196078431372,0.8644117647058823,0.4113635420799255
0.8640196078431372,0.8653921568627451,0.4090843796730041
0.8654901960784314,0.8653921568627451,0.4089642763137817
0.8654901960784314,0.8672549019607844,0.4039782285690307
0.8690196078431373,0.8673529411764705,0.4039728939533233
0.8690196078431373,0.8683333333333333,0.4018464088439941
0.8728431372549019,0.8684313725490196,0.4013042747974396
0.8728431372549019,0.8685294117647059,0.4011473953723907
0.8745098039215686,0.8686274509803922,0.4010956883430481
0.8745098039215686,0.8687254901960785,0.4008699655532837
0.8781372549019608,0.8688235294117647,0.4005961716175079
0.8781372549019608,0.8700980392156863,0.3980036079883575
0.8819607843137255,0.8701960784313726,0.3978376090526581
0.8819607843137255,0.870686274509804,0.3967489600181579
0.8835294117647059,0.870686274509804,0.3966501951217651
0.8835294117647059,0.8742156862745099,0.3867560923099518
0.8854901960784314,0.874313725490196,0.3867461681365967
0.8854901960784314,0.8819607843137255,0.3666296899318695
0.8864705882352941,0.8820588235294118,0.3664609491825104
0.8864705882352941,0.8854901960784314,0.3523872196674347
0.889313725490196,0.8855882352941177,0.3520659804344177
0.889313725490196,0.8863725490196078,0.3486641347408294
0.8927450980392156,0.8864705882352941,0.3484106063842773
0.8927450980392156,0.8929411764705882,0.3258693218231201
0.893921568627451,0.8929411764705882,0.3254906833171844
0.893921568627451,0.8950980392156863,0.3122799098491668
0.8980392156862745,0.8951960784313725,0.312083899974823
0.8980392156862745,0.8952941176470588,0.3118691146373749
0.9011764705882352,0.8952941176470588,0.3113916516304016
0.9011764705882352,0.9,0.2963025271892547
0.9052941176470588,0.9,0.2960922420024872
0.9052941176470588,0.9026470588235294,0.2867137193679809
0.9091176470588235,0.9027450980392157,0.2866841852664947
0.9091176470588235,0.9054901960784314,0.2744434773921966
0.9116666666666666,0.9054901960784314,0.2742688357830047
0.9116666666666666,0.9072549019607843,0.2668823003768921
0.9134313725490196,0.9072549019607843,0.2666786909103393
0.9134313725490196,0.9087254901960784,0.2612256407737732
0.9147058823529411,0.9088235294117647,0.2605712115764618
0.9147058823529411,0.9111764705882353,0.2446900606155395
0.9186274509803921,0.9112745098039216,0.2443157285451889
0.9186274509803921,0.9124509803921569,0.2383271604776382
0.9224509803921569,0.9124509803921569,0.2378287613391876
0.9224509803921569,0.913921568627451,0.2309141159057617
0.9252941176470588,0.913921568627451,0.230296790599823
0.9252941176470588,0.9159803921568628,0.2163333147764206
0.9300980392156862,0.9159803921568628,0.216252401471138
0.9300980392156862,0.9195098039215687,0.1973449289798736
0.9323529411764706,0.9195098039215687,0.1971226632595062
0.9323529411764706,0.9218627450980392,0.1848759651184082
0.9361764705882353,0.9218627450980392,0.184733971953392
0.9361764705882353,0.9219607843137255,0.1843796819448471
0.94,0.9220588235294118,0.1842938959598541
0.94,0.9285294117647059,0.1437014192342758
0.9441176470588235,0.9286274509803921,0.1418148279190063
0.9441176470588235,0.9338235294117647,0.1080912426114082
0.946078431372549,0.933921568627451,0.1079240143299102
0.946078431372549,0.9373529411764706,0.0861322432756424
0.947156862745098,0.9374509803921569,0.0860629975795745
0.947156862745098,0.9412745098039216,0.0627420991659164
0.9505882352941176,0.9412745098039216,0.0623289570212364
0.9505882352941176,0.9444117647058824,0.0323222018778324
0.952843137254902,0.9445098039215686,0.0318574197590351
0.952843137254902,0.948921568627451,8.877320942701772e-05
1.0,1.0,0.0
